﻿<?xml version="1.0"?>
<doc>
<assembly>
<name>
OrchestratorHealthChecker
</name>
</assembly>
<members>
<member name="M:Orchestrator_Health_Checker.wsSCORCH.OrchestratorContext.#ctor(System.Uri)">
	<summary>
Initialize a new OrchestratorContext object.
</summary>
</member><member name="M:Orchestrator_Health_Checker.wsSCORCH.OrchestratorContext.ResolveTypeFromName(System.String)">
	<summary>
Since the namespace configured for this service reference
in Visual Studio is different from the one indicated in the
server schema, use type-mappers to map between the two.
</summary>
</member><member name="M:Orchestrator_Health_Checker.wsSCORCH.OrchestratorContext.ResolveNameFromType(System.Type)">
	<summary>
Since the namespace configured for this service reference
in Visual Studio is different from the one indicated in the
server schema, use type-mappers to map between the two.
</summary>
</member><member name="P:Orchestrator_Health_Checker.wsSCORCH.OrchestratorContext.Folders">
	<summary>
There are no comments for Folders in the schema.
</summary>
</member><member name="P:Orchestrator_Health_Checker.wsSCORCH.OrchestratorContext.Runbooks">
	<summary>
There are no comments for Runbooks in the schema.
</summary>
</member><member name="P:Orchestrator_Health_Checker.wsSCORCH.OrchestratorContext.RunbookParameters">
	<summary>
There are no comments for RunbookParameters in the schema.
</summary>
</member><member name="P:Orchestrator_Health_Checker.wsSCORCH.OrchestratorContext.Activities">
	<summary>
There are no comments for Activities in the schema.
</summary>
</member><member name="P:Orchestrator_Health_Checker.wsSCORCH.OrchestratorContext.Jobs">
	<summary>
There are no comments for Jobs in the schema.
</summary>
</member><member name="P:Orchestrator_Health_Checker.wsSCORCH.OrchestratorContext.RunbookInstances">
	<summary>
There are no comments for RunbookInstances in the schema.
</summary>
</member><member name="P:Orchestrator_Health_Checker.wsSCORCH.OrchestratorContext.RunbookInstanceParameters">
	<summary>
There are no comments for RunbookInstanceParameters in the schema.
</summary>
</member><member name="P:Orchestrator_Health_Checker.wsSCORCH.OrchestratorContext.ActivityInstances">
	<summary>
There are no comments for ActivityInstances in the schema.
</summary>
</member><member name="P:Orchestrator_Health_Checker.wsSCORCH.OrchestratorContext.ActivityInstanceData">
	<summary>
There are no comments for ActivityInstanceData in the schema.
</summary>
</member><member name="P:Orchestrator_Health_Checker.wsSCORCH.OrchestratorContext.RunbookServers">
	<summary>
There are no comments for RunbookServers in the schema.
</summary>
</member><member name="P:Orchestrator_Health_Checker.wsSCORCH.OrchestratorContext.RunbookDiagrams">
	<summary>
There are no comments for RunbookDiagrams in the schema.
</summary>
</member><member name="P:Orchestrator_Health_Checker.wsSCORCH.OrchestratorContext.Statistics">
	<summary>
There are no comments for Statistics in the schema.
</summary>
</member><member name="P:Orchestrator_Health_Checker.wsSCORCH.OrchestratorContext.Events">
	<summary>
There are no comments for Events in the schema.
</summary>
</member><member name="M:Orchestrator_Health_Checker.wsSCORCH.OrchestratorContext.AddToFolders(Orchestrator_Health_Checker.wsSCORCH.Folder)">
	<summary>
There are no comments for Folders in the schema.
</summary>
</member><member name="M:Orchestrator_Health_Checker.wsSCORCH.OrchestratorContext.AddToRunbooks(Orchestrator_Health_Checker.wsSCORCH.Runbook)">
	<summary>
There are no comments for Runbooks in the schema.
</summary>
</member><member name="M:Orchestrator_Health_Checker.wsSCORCH.OrchestratorContext.AddToRunbookParameters(Orchestrator_Health_Checker.wsSCORCH.RunbookParameter)">
	<summary>
There are no comments for RunbookParameters in the schema.
</summary>
</member><member name="M:Orchestrator_Health_Checker.wsSCORCH.OrchestratorContext.AddToActivities(Orchestrator_Health_Checker.wsSCORCH.Activity)">
	<summary>
There are no comments for Activities in the schema.
</summary>
</member><member name="M:Orchestrator_Health_Checker.wsSCORCH.OrchestratorContext.AddToJobs(Orchestrator_Health_Checker.wsSCORCH.Job)">
	<summary>
There are no comments for Jobs in the schema.
</summary>
</member><member name="M:Orchestrator_Health_Checker.wsSCORCH.OrchestratorContext.AddToRunbookInstances(Orchestrator_Health_Checker.wsSCORCH.RunbookInstance)">
	<summary>
There are no comments for RunbookInstances in the schema.
</summary>
</member><member name="M:Orchestrator_Health_Checker.wsSCORCH.OrchestratorContext.AddToRunbookInstanceParameters(Orchestrator_Health_Checker.wsSCORCH.RunbookInstanceParameter)">
	<summary>
There are no comments for RunbookInstanceParameters in the schema.
</summary>
</member><member name="M:Orchestrator_Health_Checker.wsSCORCH.OrchestratorContext.AddToActivityInstances(Orchestrator_Health_Checker.wsSCORCH.ActivityInstance)">
	<summary>
There are no comments for ActivityInstances in the schema.
</summary>
</member><member name="M:Orchestrator_Health_Checker.wsSCORCH.OrchestratorContext.AddToActivityInstanceData(Orchestrator_Health_Checker.wsSCORCH.ActivityInstanceData)">
	<summary>
There are no comments for ActivityInstanceData in the schema.
</summary>
</member><member name="M:Orchestrator_Health_Checker.wsSCORCH.OrchestratorContext.AddToRunbookServers(Orchestrator_Health_Checker.wsSCORCH.RunbookServer)">
	<summary>
There are no comments for RunbookServers in the schema.
</summary>
</member><member name="M:Orchestrator_Health_Checker.wsSCORCH.OrchestratorContext.AddToRunbookDiagrams(Orchestrator_Health_Checker.wsSCORCH.RunbookDiagram)">
	<summary>
There are no comments for RunbookDiagrams in the schema.
</summary>
</member><member name="M:Orchestrator_Health_Checker.wsSCORCH.OrchestratorContext.AddToStatistics(Orchestrator_Health_Checker.wsSCORCH.Statistic)">
	<summary>
There are no comments for Statistics in the schema.
</summary>
</member><member name="M:Orchestrator_Health_Checker.wsSCORCH.OrchestratorContext.AddToEvents(Orchestrator_Health_Checker.wsSCORCH.Event)">
	<summary>
There are no comments for Events in the schema.
</summary>
</member><member name="T:Orchestrator_Health_Checker.wsSCORCH.OrchestratorContext">
	<summary>
There are no comments for OrchestratorContext in the schema.
</summary>
</member><member name="M:Orchestrator_Health_Checker.wsSCORCH.Folder.CreateFolder(System.Guid,System.String,System.String,System.DateTime,System.String,System.DateTime,System.String)">
	<summary>
Create a new Folder object.
</summary>
	<param name="ID">Initial value of Id.</param>
	<param name="name">Initial value of Name.</param>
	<param name="createdBy">Initial value of CreatedBy.</param>
	<param name="creationTime">Initial value of CreationTime.</param>
	<param name="lastModifiedBy">Initial value of LastModifiedBy.</param>
	<param name="lastModifiedTime">Initial value of LastModifiedTime.</param>
	<param name="path">Initial value of Path.</param>
</member><member name="P:Orchestrator_Health_Checker.wsSCORCH.Folder.Id">
	<summary>
There are no comments for Property Id in the schema.
</summary>
</member><member name="P:Orchestrator_Health_Checker.wsSCORCH.Folder.ParentId">
	<summary>
There are no comments for Property ParentId in the schema.
</summary>
</member><member name="P:Orchestrator_Health_Checker.wsSCORCH.Folder.Name">
	<summary>
There are no comments for Property Name in the schema.
</summary>
</member><member name="P:Orchestrator_Health_Checker.wsSCORCH.Folder.CreatedBy">
	<summary>
There are no comments for Property CreatedBy in the schema.
</summary>
</member><member name="P:Orchestrator_Health_Checker.wsSCORCH.Folder.CreationTime">
	<summary>
There are no comments for Property CreationTime in the schema.
</summary>
</member><member name="P:Orchestrator_Health_Checker.wsSCORCH.Folder.LastModifiedBy">
	<summary>
There are no comments for Property LastModifiedBy in the schema.
</summary>
</member><member name="P:Orchestrator_Health_Checker.wsSCORCH.Folder.LastModifiedTime">
	<summary>
There are no comments for Property LastModifiedTime in the schema.
</summary>
</member><member name="P:Orchestrator_Health_Checker.wsSCORCH.Folder.Path">
	<summary>
There are no comments for Property Path in the schema.
</summary>
</member><member name="P:Orchestrator_Health_Checker.wsSCORCH.Folder.Parent">
	<summary>
There are no comments for Parent in the schema.
</summary>
</member><member name="P:Orchestrator_Health_Checker.wsSCORCH.Folder.Subfolders">
	<summary>
There are no comments for Subfolders in the schema.
</summary>
</member><member name="P:Orchestrator_Health_Checker.wsSCORCH.Folder.Runbooks">
	<summary>
There are no comments for Runbooks in the schema.
</summary>
</member><member name="T:Orchestrator_Health_Checker.wsSCORCH.Folder">
	<summary>
There are no comments for Microsoft.SystemCenter.Orchestrator.WebService.Folder in the schema.
</summary>
	<KeyProperties>
Id
</KeyProperties>
</member><member name="M:Orchestrator_Health_Checker.wsSCORCH.Runbook.CreateRunbook(System.Guid,System.Guid,System.String,System.String,System.DateTime,System.String,System.DateTime,System.Boolean,System.String)">
	<summary>
Create a new Runbook object.
</summary>
	<param name="ID">Initial value of Id.</param>
	<param name="folderId">Initial value of FolderId.</param>
	<param name="name">Initial value of Name.</param>
	<param name="createdBy">Initial value of CreatedBy.</param>
	<param name="creationTime">Initial value of CreationTime.</param>
	<param name="lastModifiedBy">Initial value of LastModifiedBy.</param>
	<param name="lastModifiedTime">Initial value of LastModifiedTime.</param>
	<param name="isMonitor">Initial value of IsMonitor.</param>
	<param name="path">Initial value of Path.</param>
</member><member name="P:Orchestrator_Health_Checker.wsSCORCH.Runbook.Id">
	<summary>
There are no comments for Property Id in the schema.
</summary>
</member><member name="P:Orchestrator_Health_Checker.wsSCORCH.Runbook.FolderId">
	<summary>
There are no comments for Property FolderId in the schema.
</summary>
</member><member name="P:Orchestrator_Health_Checker.wsSCORCH.Runbook.Name">
	<summary>
There are no comments for Property Name in the schema.
</summary>
</member><member name="P:Orchestrator_Health_Checker.wsSCORCH.Runbook.Description">
	<summary>
There are no comments for Property Description in the schema.
</summary>
</member><member name="P:Orchestrator_Health_Checker.wsSCORCH.Runbook.CreatedBy">
	<summary>
There are no comments for Property CreatedBy in the schema.
</summary>
</member><member name="P:Orchestrator_Health_Checker.wsSCORCH.Runbook.CreationTime">
	<summary>
There are no comments for Property CreationTime in the schema.
</summary>
</member><member name="P:Orchestrator_Health_Checker.wsSCORCH.Runbook.LastModifiedBy">
	<summary>
There are no comments for Property LastModifiedBy in the schema.
</summary>
</member><member name="P:Orchestrator_Health_Checker.wsSCORCH.Runbook.LastModifiedTime">
	<summary>
There are no comments for Property LastModifiedTime in the schema.
</summary>
</member><member name="P:Orchestrator_Health_Checker.wsSCORCH.Runbook.IsMonitor">
	<summary>
There are no comments for Property IsMonitor in the schema.
</summary>
</member><member name="P:Orchestrator_Health_Checker.wsSCORCH.Runbook.Path">
	<summary>
There are no comments for Property Path in the schema.
</summary>
</member><member name="P:Orchestrator_Health_Checker.wsSCORCH.Runbook.CheckedOutBy">
	<summary>
There are no comments for Property CheckedOutBy in the schema.
</summary>
</member><member name="P:Orchestrator_Health_Checker.wsSCORCH.Runbook.CheckedOutTime">
	<summary>
There are no comments for Property CheckedOutTime in the schema.
</summary>
</member><member name="P:Orchestrator_Health_Checker.wsSCORCH.Runbook.Folder">
	<summary>
There are no comments for Folder in the schema.
</summary>
</member><member name="P:Orchestrator_Health_Checker.wsSCORCH.Runbook.Parameters">
	<summary>
There are no comments for Parameters in the schema.
</summary>
</member><member name="P:Orchestrator_Health_Checker.wsSCORCH.Runbook.Activities">
	<summary>
There are no comments for Activities in the schema.
</summary>
</member><member name="P:Orchestrator_Health_Checker.wsSCORCH.Runbook.Jobs">
	<summary>
There are no comments for Jobs in the schema.
</summary>
</member><member name="P:Orchestrator_Health_Checker.wsSCORCH.Runbook.Instances">
	<summary>
There are no comments for Instances in the schema.
</summary>
</member><member name="P:Orchestrator_Health_Checker.wsSCORCH.Runbook.Diagram">
	<summary>
There are no comments for Diagram in the schema.
</summary>
</member><member name="P:Orchestrator_Health_Checker.wsSCORCH.Runbook.Statistics">
	<summary>
There are no comments for Statistics in the schema.
</summary>
</member><member name="T:Orchestrator_Health_Checker.wsSCORCH.Runbook">
	<summary>
There are no comments for Microsoft.SystemCenter.Orchestrator.WebService.Runbook in the schema.
</summary>
	<KeyProperties>
Id
</KeyProperties>
</member><member name="M:Orchestrator_Health_Checker.wsSCORCH.RunbookParameter.CreateRunbookParameter(System.Guid,System.Guid,System.String,System.String,System.String)">
	<summary>
Create a new RunbookParameter object.
</summary>
	<param name="ID">Initial value of Id.</param>
	<param name="runbookId">Initial value of RunbookId.</param>
	<param name="name">Initial value of Name.</param>
	<param name="type">Initial value of Type.</param>
	<param name="direction">Initial value of Direction.</param>
</member><member name="P:Orchestrator_Health_Checker.wsSCORCH.RunbookParameter.Id">
	<summary>
There are no comments for Property Id in the schema.
</summary>
</member><member name="P:Orchestrator_Health_Checker.wsSCORCH.RunbookParameter.RunbookId">
	<summary>
There are no comments for Property RunbookId in the schema.
</summary>
</member><member name="P:Orchestrator_Health_Checker.wsSCORCH.RunbookParameter.Name">
	<summary>
There are no comments for Property Name in the schema.
</summary>
</member><member name="P:Orchestrator_Health_Checker.wsSCORCH.RunbookParameter.Type">
	<summary>
There are no comments for Property Type in the schema.
</summary>
</member><member name="P:Orchestrator_Health_Checker.wsSCORCH.RunbookParameter.Description">
	<summary>
There are no comments for Property Description in the schema.
</summary>
</member><member name="P:Orchestrator_Health_Checker.wsSCORCH.RunbookParameter.Direction">
	<summary>
There are no comments for Property Direction in the schema.
</summary>
</member><member name="P:Orchestrator_Health_Checker.wsSCORCH.RunbookParameter.Runbook">
	<summary>
There are no comments for Runbook in the schema.
</summary>
</member><member name="P:Orchestrator_Health_Checker.wsSCORCH.RunbookParameter.Instances">
	<summary>
There are no comments for Instances in the schema.
</summary>
</member><member name="T:Orchestrator_Health_Checker.wsSCORCH.RunbookParameter">
	<summary>
There are no comments for Microsoft.SystemCenter.Orchestrator.WebService.RunbookParameter in the schema.
</summary>
	<KeyProperties>
Id
</KeyProperties>
</member><member name="M:Orchestrator_Health_Checker.wsSCORCH.Activity.CreateActivity(System.Guid,System.Guid,System.String,System.String,System.DateTime,System.String,System.DateTime,System.String,System.Boolean)">
	<summary>
Create a new Activity object.
</summary>
	<param name="ID">Initial value of Id.</param>
	<param name="runbookId">Initial value of RunbookId.</param>
	<param name="name">Initial value of Name.</param>
	<param name="typeName">Initial value of TypeName.</param>
	<param name="creationTime">Initial value of CreationTime.</param>
	<param name="createdBy">Initial value of CreatedBy.</param>
	<param name="lastModifiedTime">Initial value of LastModifiedTime.</param>
	<param name="lastModifiedBy">Initial value of LastModifiedBy.</param>
	<param name="enabled">Initial value of Enabled.</param>
</member><member name="P:Orchestrator_Health_Checker.wsSCORCH.Activity.Id">
	<summary>
There are no comments for Property Id in the schema.
</summary>
</member><member name="P:Orchestrator_Health_Checker.wsSCORCH.Activity.RunbookId">
	<summary>
There are no comments for Property RunbookId in the schema.
</summary>
</member><member name="P:Orchestrator_Health_Checker.wsSCORCH.Activity.Name">
	<summary>
There are no comments for Property Name in the schema.
</summary>
</member><member name="P:Orchestrator_Health_Checker.wsSCORCH.Activity.TypeName">
	<summary>
There are no comments for Property TypeName in the schema.
</summary>
</member><member name="P:Orchestrator_Health_Checker.wsSCORCH.Activity.Description">
	<summary>
There are no comments for Property Description in the schema.
</summary>
</member><member name="P:Orchestrator_Health_Checker.wsSCORCH.Activity.CreationTime">
	<summary>
There are no comments for Property CreationTime in the schema.
</summary>
</member><member name="P:Orchestrator_Health_Checker.wsSCORCH.Activity.CreatedBy">
	<summary>
There are no comments for Property CreatedBy in the schema.
</summary>
</member><member name="P:Orchestrator_Health_Checker.wsSCORCH.Activity.LastModifiedTime">
	<summary>
There are no comments for Property LastModifiedTime in the schema.
</summary>
</member><member name="P:Orchestrator_Health_Checker.wsSCORCH.Activity.LastModifiedBy">
	<summary>
There are no comments for Property LastModifiedBy in the schema.
</summary>
</member><member name="P:Orchestrator_Health_Checker.wsSCORCH.Activity.Enabled">
	<summary>
There are no comments for Property Enabled in the schema.
</summary>
</member><member name="P:Orchestrator_Health_Checker.wsSCORCH.Activity.PositionX">
	<summary>
There are no comments for Property PositionX in the schema.
</summary>
</member><member name="P:Orchestrator_Health_Checker.wsSCORCH.Activity.PositionY">
	<summary>
There are no comments for Property PositionY in the schema.
</summary>
</member><member name="P:Orchestrator_Health_Checker.wsSCORCH.Activity.Runbook">
	<summary>
There are no comments for Runbook in the schema.
</summary>
</member><member name="P:Orchestrator_Health_Checker.wsSCORCH.Activity.Instances">
	<summary>
There are no comments for Instances in the schema.
</summary>
</member><member name="T:Orchestrator_Health_Checker.wsSCORCH.Activity">
	<summary>
There are no comments for Microsoft.SystemCenter.Orchestrator.WebService.Activity in the schema.
</summary>
	<KeyProperties>
Id
</KeyProperties>
</member><member name="M:Orchestrator_Health_Checker.wsSCORCH.Job.CreateJob(System.Guid,System.Guid,System.String,System.DateTime,System.String,System.DateTime)">
	<summary>
Create a new Job object.
</summary>
	<param name="ID">Initial value of Id.</param>
	<param name="runbookId">Initial value of RunbookId.</param>
	<param name="createdBy">Initial value of CreatedBy.</param>
	<param name="creationTime">Initial value of CreationTime.</param>
	<param name="lastModifiedBy">Initial value of LastModifiedBy.</param>
	<param name="lastModifiedTime">Initial value of LastModifiedTime.</param>
</member><member name="P:Orchestrator_Health_Checker.wsSCORCH.Job.Id">
	<summary>
There are no comments for Property Id in the schema.
</summary>
</member><member name="P:Orchestrator_Health_Checker.wsSCORCH.Job.RunbookId">
	<summary>
There are no comments for Property RunbookId in the schema.
</summary>
</member><member name="P:Orchestrator_Health_Checker.wsSCORCH.Job.Parameters">
	<summary>
There are no comments for Property Parameters in the schema.
</summary>
</member><member name="P:Orchestrator_Health_Checker.wsSCORCH.Job.RunbookServers">
	<summary>
There are no comments for Property RunbookServers in the schema.
</summary>
</member><member name="P:Orchestrator_Health_Checker.wsSCORCH.Job.RunbookServerId">
	<summary>
There are no comments for Property RunbookServerId in the schema.
</summary>
</member><member name="P:Orchestrator_Health_Checker.wsSCORCH.Job.ParentId">
	<summary>
There are no comments for Property ParentId in the schema.
</summary>
</member><member name="P:Orchestrator_Health_Checker.wsSCORCH.Job.ParentIsWaiting">
	<summary>
There are no comments for Property ParentIsWaiting in the schema.
</summary>
</member><member name="P:Orchestrator_Health_Checker.wsSCORCH.Job.Status">
	<summary>
There are no comments for Property Status in the schema.
</summary>
</member><member name="P:Orchestrator_Health_Checker.wsSCORCH.Job.CreatedBy">
	<summary>
There are no comments for Property CreatedBy in the schema.
</summary>
</member><member name="P:Orchestrator_Health_Checker.wsSCORCH.Job.CreationTime">
	<summary>
There are no comments for Property CreationTime in the schema.
</summary>
</member><member name="P:Orchestrator_Health_Checker.wsSCORCH.Job.LastModifiedBy">
	<summary>
There are no comments for Property LastModifiedBy in the schema.
</summary>
</member><member name="P:Orchestrator_Health_Checker.wsSCORCH.Job.LastModifiedTime">
	<summary>
There are no comments for Property LastModifiedTime in the schema.
</summary>
</member><member name="P:Orchestrator_Health_Checker.wsSCORCH.Job.Runbook">
	<summary>
There are no comments for Runbook in the schema.
</summary>
</member><member name="P:Orchestrator_Health_Checker.wsSCORCH.Job.Instances">
	<summary>
There are no comments for Instances in the schema.
</summary>
</member><member name="P:Orchestrator_Health_Checker.wsSCORCH.Job.RunbookServer">
	<summary>
There are no comments for RunbookServer in the schema.
</summary>
</member><member name="P:Orchestrator_Health_Checker.wsSCORCH.Job.Statistics">
	<summary>
There are no comments for Statistics in the schema.
</summary>
</member><member name="T:Orchestrator_Health_Checker.wsSCORCH.Job">
	<summary>
There are no comments for Microsoft.SystemCenter.Orchestrator.WebService.Job in the schema.
</summary>
	<KeyProperties>
Id
</KeyProperties>
</member><member name="M:Orchestrator_Health_Checker.wsSCORCH.RunbookInstance.CreateRunbookInstance(System.Guid,System.Guid,System.Guid,System.Guid,System.String,System.DateTime)">
	<summary>
Create a new RunbookInstance object.
</summary>
	<param name="ID">Initial value of Id.</param>
	<param name="runbookId">Initial value of RunbookId.</param>
	<param name="jobId">Initial value of JobId.</param>
	<param name="runbookServerId">Initial value of RunbookServerId.</param>
	<param name="status">Initial value of Status.</param>
	<param name="creationTime">Initial value of CreationTime.</param>
</member><member name="P:Orchestrator_Health_Checker.wsSCORCH.RunbookInstance.Id">
	<summary>
There are no comments for Property Id in the schema.
</summary>
</member><member name="P:Orchestrator_Health_Checker.wsSCORCH.RunbookInstance.RunbookId">
	<summary>
There are no comments for Property RunbookId in the schema.
</summary>
</member><member name="P:Orchestrator_Health_Checker.wsSCORCH.RunbookInstance.JobId">
	<summary>
There are no comments for Property JobId in the schema.
</summary>
</member><member name="P:Orchestrator_Health_Checker.wsSCORCH.RunbookInstance.RunbookServerId">
	<summary>
There are no comments for Property RunbookServerId in the schema.
</summary>
</member><member name="P:Orchestrator_Health_Checker.wsSCORCH.RunbookInstance.Status">
	<summary>
There are no comments for Property Status in the schema.
</summary>
</member><member name="P:Orchestrator_Health_Checker.wsSCORCH.RunbookInstance.CreationTime">
	<summary>
There are no comments for Property CreationTime in the schema.
</summary>
</member><member name="P:Orchestrator_Health_Checker.wsSCORCH.RunbookInstance.CompletionTime">
	<summary>
There are no comments for Property CompletionTime in the schema.
</summary>
</member><member name="P:Orchestrator_Health_Checker.wsSCORCH.RunbookInstance.Runbook">
	<summary>
There are no comments for Runbook in the schema.
</summary>
</member><member name="P:Orchestrator_Health_Checker.wsSCORCH.RunbookInstance.Job">
	<summary>
There are no comments for Job in the schema.
</summary>
</member><member name="P:Orchestrator_Health_Checker.wsSCORCH.RunbookInstance.Parameters">
	<summary>
There are no comments for Parameters in the schema.
</summary>
</member><member name="P:Orchestrator_Health_Checker.wsSCORCH.RunbookInstance.ActivityInstances">
	<summary>
There are no comments for ActivityInstances in the schema.
</summary>
</member><member name="P:Orchestrator_Health_Checker.wsSCORCH.RunbookInstance.RunbookServer">
	<summary>
There are no comments for RunbookServer in the schema.
</summary>
</member><member name="T:Orchestrator_Health_Checker.wsSCORCH.RunbookInstance">
	<summary>
There are no comments for Microsoft.SystemCenter.Orchestrator.WebService.RunbookInstance in the schema.
</summary>
	<KeyProperties>
Id
</KeyProperties>
</member><member name="M:Orchestrator_Health_Checker.wsSCORCH.RunbookInstanceParameter.CreateRunbookInstanceParameter(System.Guid,System.Guid,System.Guid,System.String,System.String,System.String)">
	<summary>
Create a new RunbookInstanceParameter object.
</summary>
	<param name="ID">Initial value of Id.</param>
	<param name="runbookInstanceId">Initial value of RunbookInstanceId.</param>
	<param name="runbookParameterId">Initial value of RunbookParameterId.</param>
	<param name="name">Initial value of Name.</param>
	<param name="value">Initial value of Value.</param>
	<param name="direction">Initial value of Direction.</param>
</member><member name="P:Orchestrator_Health_Checker.wsSCORCH.RunbookInstanceParameter.Id">
	<summary>
There are no comments for Property Id in the schema.
</summary>
</member><member name="P:Orchestrator_Health_Checker.wsSCORCH.RunbookInstanceParameter.RunbookInstanceId">
	<summary>
There are no comments for Property RunbookInstanceId in the schema.
</summary>
</member><member name="P:Orchestrator_Health_Checker.wsSCORCH.RunbookInstanceParameter.RunbookParameterId">
	<summary>
There are no comments for Property RunbookParameterId in the schema.
</summary>
</member><member name="P:Orchestrator_Health_Checker.wsSCORCH.RunbookInstanceParameter.Name">
	<summary>
There are no comments for Property Name in the schema.
</summary>
</member><member name="P:Orchestrator_Health_Checker.wsSCORCH.RunbookInstanceParameter.Value">
	<summary>
There are no comments for Property Value in the schema.
</summary>
</member><member name="P:Orchestrator_Health_Checker.wsSCORCH.RunbookInstanceParameter.GroupId">
	<summary>
There are no comments for Property GroupId in the schema.
</summary>
</member><member name="P:Orchestrator_Health_Checker.wsSCORCH.RunbookInstanceParameter.Direction">
	<summary>
There are no comments for Property Direction in the schema.
</summary>
</member><member name="P:Orchestrator_Health_Checker.wsSCORCH.RunbookInstanceParameter.RunbookInstance">
	<summary>
There are no comments for RunbookInstance in the schema.
</summary>
</member><member name="P:Orchestrator_Health_Checker.wsSCORCH.RunbookInstanceParameter.RunbookParameter">
	<summary>
There are no comments for RunbookParameter in the schema.
</summary>
</member><member name="T:Orchestrator_Health_Checker.wsSCORCH.RunbookInstanceParameter">
	<summary>
There are no comments for Microsoft.SystemCenter.Orchestrator.WebService.RunbookInstanceParameter in the schema.
</summary>
	<KeyProperties>
Id
</KeyProperties>
</member><member name="M:Orchestrator_Health_Checker.wsSCORCH.ActivityInstance.CreateActivityInstance(System.Guid,System.Guid,System.Guid,System.Int32,System.DateTime)">
	<summary>
Create a new ActivityInstance object.
</summary>
	<param name="ID">Initial value of Id.</param>
	<param name="runbookInstanceId">Initial value of RunbookInstanceId.</param>
	<param name="activityId">Initial value of ActivityId.</param>
	<param name="sequenceNumber">Initial value of SequenceNumber.</param>
	<param name="startTime">Initial value of StartTime.</param>
</member><member name="P:Orchestrator_Health_Checker.wsSCORCH.ActivityInstance.Id">
	<summary>
There are no comments for Property Id in the schema.
</summary>
</member><member name="P:Orchestrator_Health_Checker.wsSCORCH.ActivityInstance.RunbookInstanceId">
	<summary>
There are no comments for Property RunbookInstanceId in the schema.
</summary>
</member><member name="P:Orchestrator_Health_Checker.wsSCORCH.ActivityInstance.ActivityId">
	<summary>
There are no comments for Property ActivityId in the schema.
</summary>
</member><member name="P:Orchestrator_Health_Checker.wsSCORCH.ActivityInstance.SequenceNumber">
	<summary>
There are no comments for Property SequenceNumber in the schema.
</summary>
</member><member name="P:Orchestrator_Health_Checker.wsSCORCH.ActivityInstance.Status">
	<summary>
There are no comments for Property Status in the schema.
</summary>
</member><member name="P:Orchestrator_Health_Checker.wsSCORCH.ActivityInstance.StartTime">
	<summary>
There are no comments for Property StartTime in the schema.
</summary>
</member><member name="P:Orchestrator_Health_Checker.wsSCORCH.ActivityInstance.EndTime">
	<summary>
There are no comments for Property EndTime in the schema.
</summary>
</member><member name="P:Orchestrator_Health_Checker.wsSCORCH.ActivityInstance.Activity">
	<summary>
There are no comments for Activity in the schema.
</summary>
</member><member name="P:Orchestrator_Health_Checker.wsSCORCH.ActivityInstance.RunbookInstance">
	<summary>
There are no comments for RunbookInstance in the schema.
</summary>
</member><member name="P:Orchestrator_Health_Checker.wsSCORCH.ActivityInstance.Data">
	<summary>
There are no comments for Data in the schema.
</summary>
</member><member name="T:Orchestrator_Health_Checker.wsSCORCH.ActivityInstance">
	<summary>
There are no comments for Microsoft.SystemCenter.Orchestrator.WebService.ActivityInstance in the schema.
</summary>
	<KeyProperties>
Id
</KeyProperties>
</member><member name="M:Orchestrator_Health_Checker.wsSCORCH.ActivityInstanceData.CreateActivityInstanceData(System.Guid,System.Guid,System.String)">
	<summary>
Create a new ActivityInstanceData object.
</summary>
	<param name="ID">Initial value of Id.</param>
	<param name="activityInstanceId">Initial value of ActivityInstanceId.</param>
	<param name="name">Initial value of Name.</param>
</member><member name="P:Orchestrator_Health_Checker.wsSCORCH.ActivityInstanceData.Id">
	<summary>
There are no comments for Property Id in the schema.
</summary>
</member><member name="P:Orchestrator_Health_Checker.wsSCORCH.ActivityInstanceData.ActivityInstanceId">
	<summary>
There are no comments for Property ActivityInstanceId in the schema.
</summary>
</member><member name="P:Orchestrator_Health_Checker.wsSCORCH.ActivityInstanceData.Name">
	<summary>
There are no comments for Property Name in the schema.
</summary>
</member><member name="P:Orchestrator_Health_Checker.wsSCORCH.ActivityInstanceData.Value">
	<summary>
There are no comments for Property Value in the schema.
</summary>
</member><member name="P:Orchestrator_Health_Checker.wsSCORCH.ActivityInstanceData.GroupId">
	<summary>
There are no comments for Property GroupId in the schema.
</summary>
</member><member name="P:Orchestrator_Health_Checker.wsSCORCH.ActivityInstanceData.ActivityInstance">
	<summary>
There are no comments for ActivityInstance in the schema.
</summary>
</member><member name="T:Orchestrator_Health_Checker.wsSCORCH.ActivityInstanceData">
	<summary>
There are no comments for Microsoft.SystemCenter.Orchestrator.WebService.ActivityInstanceData in the schema.
</summary>
	<KeyProperties>
Id
</KeyProperties>
</member><member name="M:Orchestrator_Health_Checker.wsSCORCH.RunbookServer.CreateRunbookServer(System.Guid,System.String)">
	<summary>
Create a new RunbookServer object.
</summary>
	<param name="ID">Initial value of Id.</param>
	<param name="name">Initial value of Name.</param>
</member><member name="P:Orchestrator_Health_Checker.wsSCORCH.RunbookServer.Id">
	<summary>
There are no comments for Property Id in the schema.
</summary>
</member><member name="P:Orchestrator_Health_Checker.wsSCORCH.RunbookServer.Name">
	<summary>
There are no comments for Property Name in the schema.
</summary>
</member><member name="P:Orchestrator_Health_Checker.wsSCORCH.RunbookServer.Instances">
	<summary>
There are no comments for Instances in the schema.
</summary>
</member><member name="P:Orchestrator_Health_Checker.wsSCORCH.RunbookServer.Jobs">
	<summary>
There are no comments for Jobs in the schema.
</summary>
</member><member name="P:Orchestrator_Health_Checker.wsSCORCH.RunbookServer.Events">
	<summary>
There are no comments for Events in the schema.
</summary>
</member><member name="T:Orchestrator_Health_Checker.wsSCORCH.RunbookServer">
	<summary>
There are no comments for Microsoft.SystemCenter.Orchestrator.WebService.RunbookServer in the schema.
</summary>
	<KeyProperties>
Id
</KeyProperties>
</member><member name="M:Orchestrator_Health_Checker.wsSCORCH.RunbookDiagram.CreateRunbookDiagram(System.Guid,System.DateTime,System.String)">
	<summary>
Create a new RunbookDiagram object.
</summary>
	<param name="runbookId">Initial value of RunbookId.</param>
	<param name="lastModifiedTime">Initial value of LastModifiedTime.</param>
	<param name="contentType">Initial value of ContentType.</param>
</member><member name="P:Orchestrator_Health_Checker.wsSCORCH.RunbookDiagram.RunbookId">
	<summary>
There are no comments for Property RunbookId in the schema.
</summary>
</member><member name="P:Orchestrator_Health_Checker.wsSCORCH.RunbookDiagram.LastModifiedTime">
	<summary>
There are no comments for Property LastModifiedTime in the schema.
</summary>
</member><member name="P:Orchestrator_Health_Checker.wsSCORCH.RunbookDiagram.ContentType">
	<summary>
There are no comments for Property ContentType in the schema.
</summary>
</member><member name="P:Orchestrator_Health_Checker.wsSCORCH.RunbookDiagram.Runbook">
	<summary>
There are no comments for Runbook in the schema.
</summary>
</member><member name="T:Orchestrator_Health_Checker.wsSCORCH.RunbookDiagram">
	<summary>
There are no comments for Microsoft.SystemCenter.Orchestrator.WebService.RunbookDiagram in the schema.
</summary>
	<KeyProperties>
RunbookId
</KeyProperties>
</member><member name="M:Orchestrator_Health_Checker.wsSCORCH.Statistic.CreateStatistic(System.Guid,System.Guid,System.String,System.Guid,System.String,System.String,System.String,System.Int32,System.DateTime,System.DateTime)">
	<summary>
Create a new Statistic object.
</summary>
	<param name="ID">Initial value of Id.</param>
	<param name="runbookId">Initial value of RunbookId.</param>
	<param name="runbookPath">Initial value of RunbookPath.</param>
	<param name="resourceId">Initial value of ResourceId.</param>
	<param name="resourceType">Initial value of ResourceType.</param>
	<param name="counter">Initial value of Counter.</param>
	<param name="criteria">Initial value of Criteria.</param>
	<param name="value">Initial value of Value.</param>
	<param name="startTime">Initial value of StartTime.</param>
	<param name="endTime">Initial value of EndTime.</param>
</member><member name="P:Orchestrator_Health_Checker.wsSCORCH.Statistic.Id">
	<summary>
There are no comments for Property Id in the schema.
</summary>
</member><member name="P:Orchestrator_Health_Checker.wsSCORCH.Statistic.RunbookId">
	<summary>
There are no comments for Property RunbookId in the schema.
</summary>
</member><member name="P:Orchestrator_Health_Checker.wsSCORCH.Statistic.RunbookPath">
	<summary>
There are no comments for Property RunbookPath in the schema.
</summary>
</member><member name="P:Orchestrator_Health_Checker.wsSCORCH.Statistic.ResourceId">
	<summary>
There are no comments for Property ResourceId in the schema.
</summary>
</member><member name="P:Orchestrator_Health_Checker.wsSCORCH.Statistic.ResourceType">
	<summary>
There are no comments for Property ResourceType in the schema.
</summary>
</member><member name="P:Orchestrator_Health_Checker.wsSCORCH.Statistic.Counter">
	<summary>
There are no comments for Property Counter in the schema.
</summary>
</member><member name="P:Orchestrator_Health_Checker.wsSCORCH.Statistic.Criteria">
	<summary>
There are no comments for Property Criteria in the schema.
</summary>
</member><member name="P:Orchestrator_Health_Checker.wsSCORCH.Statistic.Value">
	<summary>
There are no comments for Property Value in the schema.
</summary>
</member><member name="P:Orchestrator_Health_Checker.wsSCORCH.Statistic.StartTime">
	<summary>
There are no comments for Property StartTime in the schema.
</summary>
</member><member name="P:Orchestrator_Health_Checker.wsSCORCH.Statistic.EndTime">
	<summary>
There are no comments for Property EndTime in the schema.
</summary>
</member><member name="P:Orchestrator_Health_Checker.wsSCORCH.Statistic.Runbook">
	<summary>
There are no comments for Runbook in the schema.
</summary>
</member><member name="T:Orchestrator_Health_Checker.wsSCORCH.Statistic">
	<summary>
There are no comments for Microsoft.SystemCenter.Orchestrator.WebService.Statistic in the schema.
</summary>
	<KeyProperties>
Id
</KeyProperties>
</member><member name="M:Orchestrator_Health_Checker.wsSCORCH.Event.CreateEvent(System.Guid,System.String,System.Guid,System.DateTime)">
	<summary>
Create a new Event object.
</summary>
	<param name="ID">Initial value of Id.</param>
	<param name="type">Initial value of Type.</param>
	<param name="sourceId">Initial value of SourceId.</param>
	<param name="creationTime">Initial value of CreationTime.</param>
</member><member name="P:Orchestrator_Health_Checker.wsSCORCH.Event.Id">
	<summary>
There are no comments for Property Id in the schema.
</summary>
</member><member name="P:Orchestrator_Health_Checker.wsSCORCH.Event.Type">
	<summary>
There are no comments for Property Type in the schema.
</summary>
</member><member name="P:Orchestrator_Health_Checker.wsSCORCH.Event.SourceName">
	<summary>
There are no comments for Property SourceName in the schema.
</summary>
</member><member name="P:Orchestrator_Health_Checker.wsSCORCH.Event.SourceId">
	<summary>
There are no comments for Property SourceId in the schema.
</summary>
</member><member name="P:Orchestrator_Health_Checker.wsSCORCH.Event.CreationTime">
	<summary>
There are no comments for Property CreationTime in the schema.
</summary>
</member><member name="P:Orchestrator_Health_Checker.wsSCORCH.Event.Summary">
	<summary>
There are no comments for Property Summary in the schema.
</summary>
</member><member name="P:Orchestrator_Health_Checker.wsSCORCH.Event.Description">
	<summary>
There are no comments for Property Description in the schema.
</summary>
</member><member name="P:Orchestrator_Health_Checker.wsSCORCH.Event.RunbookServer">
	<summary>
There are no comments for RunbookServer in the schema.
</summary>
</member><member name="T:Orchestrator_Health_Checker.wsSCORCH.Event">
	<summary>
There are no comments for Microsoft.SystemCenter.Orchestrator.WebService.Event in the schema.
</summary>
	<KeyProperties>
Id
</KeyProperties>
</member><member name="P:Orchestrator_Health_Checker.My.Resources.Resources.ResourceManager">
	<summary>
  Returns the cached ResourceManager instance used by this class.
</summary>
</member><member name="P:Orchestrator_Health_Checker.My.Resources.Resources.Culture">
	<summary>
  Overrides the current thread's CurrentUICulture property for all
  resource lookups using this strongly typed resource class.
</summary>
</member><member name="P:Orchestrator_Health_Checker.My.Resources.Resources._Error">
	<summary>
  Looks up a localized resource of type System.Drawing.Bitmap.
</summary>
</member><member name="P:Orchestrator_Health_Checker.My.Resources.Resources.Close">
	<summary>
  Looks up a localized resource of type System.Drawing.Bitmap.
</summary>
</member><member name="P:Orchestrator_Health_Checker.My.Resources.Resources.Idea">
	<summary>
  Looks up a localized resource of type System.Drawing.Bitmap.
</summary>
</member><member name="P:Orchestrator_Health_Checker.My.Resources.Resources.OK">
	<summary>
  Looks up a localized resource of type System.Drawing.Bitmap.
</summary>
</member><member name="P:Orchestrator_Health_Checker.My.Resources.Resources.refresh">
	<summary>
  Looks up a localized resource of type System.Drawing.Bitmap.
</summary>
</member><member name="P:Orchestrator_Health_Checker.My.Resources.Resources.Run">
	<summary>
  Looks up a localized resource of type System.Drawing.Bitmap.
</summary>
</member><member name="P:Orchestrator_Health_Checker.My.Resources.Resources.Wipe">
	<summary>
  Looks up a localized resource of type System.Drawing.Bitmap.
</summary>
</member><member name="P:Orchestrator_Health_Checker.My.Resources.Resources.Working">
	<summary>
  Looks up a localized resource of type System.Drawing.Bitmap.
</summary>
</member><member name="T:Orchestrator_Health_Checker.My.Resources.Resources">
	<summary>
  A strongly-typed resource class, for looking up localized strings, etc.
</summary>
</member>
</members>
</doc>